{
  "nodes": [
    {
      "id": "1c0426c56e",
      "position": {
        "x": 100,
        "y": 100
      }
    },
    {
      "id": "0e5ee6f058",
      "position": {
        "x": 446.3999938964844,
        "y": 169.1999969482422
      }
    }
  ],
  "links": []
}